Year,Node_ID,Event_Name,Individual_ID,Age,Gender,Infected,Infectiousness
1960.5,1,FirstCoitalAct,2473,8036.08,M,0,0
1960.5,1,FirstCoitalAct,11490,5898.91,F,0,0
1960.5,1,FirstCoitalAct,8508,13414.1,M,0,0
1960.5,1,FirstCoitalAct,4543,9246.17,F,0,0
1960.5,1,FirstCoitalAct,13745,6456.34,M,0,0
1960.5,1,FirstCoitalAct,14779,5880.85,F,0,0
1960.5,1,STIDebut,1830,6012.62,F,0,0
1960.5,1,FirstCoitalAct,434,10519.5,M,0,0
1960.5,1,FirstCoitalAct,9814,6252.05,F,0,0
1960.5,1,FirstCoitalAct,557,6553.07,M,0,0
1960.5,1,FirstCoitalAct,5878,6834.67,F,0,0
1960.5,1,FirstCoitalAct,872,11475.1,M,0,0
1960.5,1,FirstCoitalAct,14279,7717.92,F,0,0
1960.5,1,FirstCoitalAct,939,14891.5,M,0,0
1960.5,1,FirstCoitalAct,8663,9179.31,F,0,0
1960.5,1,FirstCoitalAct,3541,12514.3,M,0,0
1960.5,1,FirstCoitalAct,6074,11073.6,F,0,0
1960.5,1,FirstCoitalAct,3852,10842.8,M,0,0
1960.5,1,FirstCoitalAct,10147,11261.4,F,0,0
1960.5,1,FirstCoitalAct,8266,10778.1,M,0,0
1960.5,1,FirstCoitalAct,15473,10528.6,F,0,0
1960.5,1,FirstCoitalAct,8548,14515.2,M,0,0
1960.5,1,FirstCoitalAct,4150,8556.88,F,0,0
1960.5,1,FirstCoitalAct,8802,9852.08,M,0,0
1960.5,1,FirstCoitalAct,12909,8216.81,F,0,0
1960.5,1,FirstCoitalAct,10679,15060.6,M,0,0
1960.5,1,FirstCoitalAct,8281,11704.5,F,0,0
1960.5,1,FirstCoitalAct,12645,11202.2,M,0,0
1960.5,1,FirstCoitalAct,5463,7872.7,F,0,0
1960.5,1,FirstCoitalAct,14912,6355.14,M,0,0
1960.5,1,FirstCoitalAct,13884,7032.19,F,0,0
1960.5,1,FirstCoitalAct,15734,6181.17,M,0,0
1960.5,1,FirstCoitalAct,12472,8799.4,F,0,0
1960.51,1,FirstCoitalAct,463,15635.9,M,0,0
1960.51,1,FirstCoitalAct,2157,10189,F,0,0
1960.51,1,FirstCoitalAct,3004,16288.6,M,0,0
1960.51,1,FirstCoitalAct,16832,11262.2,F,0,0
1960.51,1,FirstCoitalAct,3475,13240.9,M,0,0
1960.51,1,FirstCoitalAct,11381,11607,F,0,0
1960.51,1,FirstCoitalAct,5979,16290,M,0,0
1960.51,1,FirstCoitalAct,7443,10449,F,0,0
1960.51,1,FirstCoitalAct,6058,6225.1,M,0,0
1960.51,1,FirstCoitalAct,1670,5801.58,F,0,0
1960.51,1,FirstCoitalAct,7119,14031,M,0,0
1960.51,1,FirstCoitalAct,902,13023.1,F,0,0
1960.51,1,FirstCoitalAct,7911,6621.83,M,0,0
1960.51,1,FirstCoitalAct,8605,8462.37,F,0,0
1960.51,1,FirstCoitalAct,8835,12247.9,M,0,0
1960.51,1,FirstCoitalAct,6451,8491.65,F,0,0
1960.51,1,FirstCoitalAct,9958,6383.81,M,0,0
1960.51,1,FirstCoitalAct,15419,6141.95,F,0,0
1960.51,1,FirstCoitalAct,10369,6240.76,M,0,0
1960.51,1,FirstCoitalAct,1830,6013.62,F,0,0
1960.51,1,FirstCoitalAct,14197,17342.5,M,0,0
1960.51,1,FirstCoitalAct,3671,20830.2,F,0,0
1960.51,1,FirstCoitalAct,14387,15008.1,M,0,0
1960.51,1,FirstCoitalAct,15166,11306.9,F,0,0
1960.51,1,FirstCoitalAct,14695,8966.25,M,0,0
1960.51,1,FirstCoitalAct,6298,9366.34,F,0,0
1960.51,1,FirstCoitalAct,14834,8563.68,M,0,0
1960.51,1,FirstCoitalAct,4006,6919.48,F,0,0
1960.51,1,FirstCoitalAct,14894,16157.7,M,0,0
1960.51,1,FirstCoitalAct,4961,14700,F,0,0
1960.51,1,FirstCoitalAct,385,9814,M,0,0
1960.51,1,FirstCoitalAct,11123,9004.49,F,0,0
1960.51,1,FirstCoitalAct,1976,7135.75,M,0,0
1960.51,1,FirstCoitalAct,1627,7077.23,F,0,0
1960.51,1,FirstCoitalAct,2116,12796.1,M,0,0
1960.51,1,FirstCoitalAct,8267,9621.51,F,0,0
1960.51,1,FirstCoitalAct,3766,7148.54,M,0,0
1960.51,1,FirstCoitalAct,15317,6951.96,F,0,0
1960.51,1,FirstCoitalAct,5427,14872.3,M,0,0
1960.51,1,FirstCoitalAct,9502,10810.8,F,0,0
1960.51,1,FirstCoitalAct,6131,12486.2,M,0,0
1960.51,1,FirstCoitalAct,2794,9885.33,F,0,0
1960.51,1,FirstCoitalAct,6267,14176.7,M,0,0
1960.51,1,FirstCoitalAct,9665,13373.9,F,0,0
1960.51,1,FirstCoitalAct,7463,10896.5,M,0,0
1960.51,1,FirstCoitalAct,8859,9523.04,F,0,0
1960.51,1,FirstCoitalAct,7674,7905.92,M,0,0
1960.51,1,FirstCoitalAct,4726,6439.47,F,0,0
1960.51,1,FirstCoitalAct,8226,14955.1,M,0,0
1960.51,1,FirstCoitalAct,5058,13064.9,F,0,0
1960.51,1,FirstCoitalAct,8371,13555.9,M,0,0
1960.51,1,FirstCoitalAct,12477,8519.67,F,0,0
1960.51,1,FirstCoitalAct,11518,6392.72,M,0,0
1960.51,1,FirstCoitalAct,13423,6247.28,F,0,0
1960.51,1,FirstCoitalAct,11789,10563,M,0,0
1960.51,1,FirstCoitalAct,2748,10541.1,F,0,0
1960.51,1,FirstCoitalAct,14119,7885.02,M,0,0
1960.51,1,FirstCoitalAct,8286,6824.02,F,0,0
1960.51,1,FirstCoitalAct,15529,8825.61,M,0,0
1960.51,1,FirstCoitalAct,14301,7274.63,F,0,0
1960.51,1,FirstCoitalAct,15752,12094.5,M,0,0
1960.51,1,FirstCoitalAct,5330,13433.6,F,0,0
1960.51,1,FirstCoitalAct,15910,9330.53,M,0,0
1960.51,1,FirstCoitalAct,14846,7274.72,F,0,0
1960.51,1,FirstCoitalAct,16092,10124.5,M,0,0
1960.51,1,FirstCoitalAct,12433,7980.28,F,0,0
1960.51,1,FirstCoitalAct,16578,8508.06,M,0,0
1960.51,1,FirstCoitalAct,4967,6059.75,F,0,0
1960.51,1,STIDebut,10714,6073.66,M,0,0
1960.51,1,FirstCoitalAct,586,5827.51,M,0,0
1960.51,1,FirstCoitalAct,1601,9069.32,F,0,0
1960.51,1,FirstCoitalAct,1240,9273.46,M,0,0
1960.51,1,FirstCoitalAct,10539,6815.77,F,0,0
1960.51,1,FirstCoitalAct,3749,8365.9,M,0,0
1960.51,1,FirstCoitalAct,14111,6255.57,F,0,0
1960.51,1,FirstCoitalAct,4648,6683.69,M,0,0
1960.51,1,FirstCoitalAct,15390,6792.53,F,0,0
1960.51,1,FirstCoitalAct,5018,7341.5,M,0,0
1960.51,1,FirstCoitalAct,16039,5936.03,F,0,0
1960.51,1,FirstCoitalAct,8358,6229.42,M,0,0
1960.51,1,FirstCoitalAct,5973,6269.64,F,0,0
1960.51,1,FirstCoitalAct,13462,13665.8,M,0,0
1960.51,1,FirstCoitalAct,14208,8702.02,F,0,0
1960.51,1,FirstCoitalAct,13760,6949.75,M,0,0
1960.51,1,FirstCoitalAct,7824,8117.27,F,0,0
1960.51,1,FirstCoitalAct,14821,9725.37,M,0,0
1960.51,1,FirstCoitalAct,2592,11165.8,F,0,0
1960.51,1,FirstCoitalAct,15048,8210.49,M,0,0
1960.51,1,FirstCoitalAct,6336,6025.03,F,0,0
1960.51,1,FirstCoitalAct,15825,10391.5,M,0,0
1960.51,1,FirstCoitalAct,11609,9744.02,F,0,0
1960.51,1,FirstCoitalAct,16834,7946.98,M,0,0
1960.51,1,FirstCoitalAct,4114,7000.58,F,0,0
1960.51,1,FirstCoitalAct,17110,9326.01,M,0,0
1960.51,1,FirstCoitalAct,15903,8276.97,F,0,0
1960.51,1,FirstCoitalAct,302,20006.2,M,0,0
1960.51,1,FirstCoitalAct,937,18951.8,F,0,0
1960.51,1,FirstCoitalAct,2327,8902.2,M,0,0
1960.51,1,FirstCoitalAct,662,8386.53,F,0,0
1960.51,1,FirstCoitalAct,2613,16465.2,M,0,0
1960.51,1,FirstCoitalAct,14375,12366.3,F,0,0
1960.51,1,FirstCoitalAct,3412,8698.96,M,0,0
1960.51,1,FirstCoitalAct,4862,6320.31,F,0,0
1960.51,1,FirstCoitalAct,3476,7213.75,M,0,0
1960.51,1,FirstCoitalAct,7812,6283.85,F,0,0
1960.51,1,FirstCoitalAct,5131,12896.4,M,0,0
1960.51,1,FirstCoitalAct,10102,13395.6,F,0,0
1960.51,1,FirstCoitalAct,6650,10347.5,M,0,0
1960.51,1,FirstCoitalAct,10361,7380.25,F,0,0
1960.51,1,FirstCoitalAct,6654,11260.4,M,0,0
1960.51,1,FirstCoitalAct,14939,10757.5,F,0,0
1960.51,1,FirstCoitalAct,8530,9130.4,M,0,0
1960.51,1,FirstCoitalAct,993,8676.43,F,0,0
1960.51,1,FirstCoitalAct,9190,9028.86,M,0,0
1960.51,1,FirstCoitalAct,9909,5962.71,F,0,0
1960.51,1,FirstCoitalAct,9833,6219.08,M,0,0
1960.51,1,FirstCoitalAct,16124,6983.95,F,0,0
1960.51,1,FirstCoitalAct,9862,11408.2,M,0,0
1960.51,1,FirstCoitalAct,16746,7382.78,F,0,0
1960.51,1,FirstCoitalAct,13321,13282,M,0,0
1960.51,1,FirstCoitalAct,17380,10803.9,F,0,0
1960.51,1,FirstCoitalAct,14742,9114.73,M,0,0
1960.51,1,FirstCoitalAct,17338,7422.23,F,0,0
1960.51,1,FirstCoitalAct,16337,14752.5,M,0,0
1960.51,1,FirstCoitalAct,8433,12776.9,F,0,0
1960.51,1,FirstCoitalAct,16617,11428.5,M,0,0
1960.51,1,FirstCoitalAct,13580,10282.1,F,0,0
1960.51,1,STIDebut,12650,5968.4,M,0,0
1960.52,1,FirstCoitalAct,80,8866.03,M,0,0
1960.52,1,FirstCoitalAct,816,9274.45,F,0,0
1960.52,1,FirstCoitalAct,621,11513,M,0,0
1960.52,1,FirstCoitalAct,12437,9660.37,F,0,0
1960.52,1,FirstCoitalAct,656,15591,M,0,0
1960.52,1,FirstCoitalAct,8339,12427.2,F,0,0
1960.52,1,FirstCoitalAct,1057,6260.53,M,0,0
1960.52,1,FirstCoitalAct,4022,6061.08,F,0,0
1960.52,1,FirstCoitalAct,1658,8453.93,M,0,0
1960.52,1,FirstCoitalAct,15203,7532.02,F,0,0
1960.52,1,FirstCoitalAct,1751,12711.6,M,0,0
1960.52,1,FirstCoitalAct,10751,6976.69,F,0,0
1960.52,1,FirstCoitalAct,2650,8575.16,M,0,0
1960.52,1,FirstCoitalAct,1475,8212.27,F,0,0
1960.52,1,FirstCoitalAct,3835,14019.5,M,0,0
1960.52,1,FirstCoitalAct,10117,8689.81,F,0,0
1960.52,1,FirstCoitalAct,5927,12361.4,M,0,0
1960.52,1,FirstCoitalAct,3466,7982.49,F,0,0
1960.52,1,FirstCoitalAct,9767,11112,M,0,0
1960.52,1,FirstCoitalAct,3831,10896.3,F,0,0
1960.52,1,FirstCoitalAct,10200,8394.83,M,0,0
1960.52,1,FirstCoitalAct,2903,7971.19,F,0,0
1960.52,1,FirstCoitalAct,11463,6269.52,M,0,0
1960.52,1,FirstCoitalAct,9402,5469.32,F,0,0
1960.52,1,FirstCoitalAct,12348,7911.22,M,0,0
1960.52,1,FirstCoitalAct,8368,7116.65,F,0,0
1960.52,1,FirstCoitalAct,12867,9255.35,M,0,0
1960.52,1,FirstCoitalAct,8976,6447.2,F,0,0
1960.52,1,FirstCoitalAct,13454,7406.18,M,0,0
1960.52,1,FirstCoitalAct,2226,7752.58,F,0,0
1960.52,1,FirstCoitalAct,14239,7063.16,M,0,0
1960.52,1,FirstCoitalAct,9162,7027.46,F,0,0
1960.52,1,FirstCoitalAct,14517,17405.8,M,0,0
1960.52,1,FirstCoitalAct,14667,14240.7,F,0,0
1960.52,1,FirstCoitalAct,14952,15171.1,M,0,0
1960.52,1,FirstCoitalAct,763,9525.99,F,0,0
1960.52,1,FirstCoitalAct,15001,6014.86,M,0,0
1960.52,1,FirstCoitalAct,10008,5852.19,F,0,0
1960.52,1,FirstCoitalAct,16479,8272.89,M,0,0
1960.52,1,FirstCoitalAct,9563,10805.5,F,0,0
1960.52,1,FirstCoitalAct,17000,7799.84,M,0,0
1960.52,1,FirstCoitalAct,16254,6215.14,F,0,0
1960.52,1,FirstCoitalAct,2610,8564.33,M,0,0
1960.52,1,FirstCoitalAct,7063,8032.51,F,0,0
1960.52,1,FirstCoitalAct,4272,7477.24,M,0,0
1960.52,1,FirstCoitalAct,5319,5942.82,F,0,0
1960.52,1,FirstCoitalAct,4872,9495.47,M,0,0
1960.52,1,FirstCoitalAct,3534,8854.41,F,0,0
1960.52,1,FirstCoitalAct,6049,13177.4,M,0,0
1960.52,1,FirstCoitalAct,10112,10049.6,F,0,0
1960.52,1,FirstCoitalAct,6773,9440.29,M,0,0
1960.52,1,FirstCoitalAct,12979,8068.15,F,0,0
1960.52,1,FirstCoitalAct,7323,10690.3,M,0,0
1960.52,1,FirstCoitalAct,10175,8083.93,F,0,0
1960.52,1,FirstCoitalAct,7551,12111.7,M,0,0
1960.52,1,FirstCoitalAct,3094,9625.19,F,0,0
1960.52,1,FirstCoitalAct,7889,6898.44,M,0,0
1960.52,1,FirstCoitalAct,11212,7007.2,F,0,0
1960.52,1,FirstCoitalAct,8892,10512,M,0,0
1960.52,1,FirstCoitalAct,9729,8229.9,F,0,0
1960.52,1,FirstCoitalAct,9959,14169.3,M,0,0
1960.52,1,FirstCoitalAct,4212,10607.4,F,0,0
1960.52,1,FirstCoitalAct,13885,10193.2,M,0,0
1960.52,1,FirstCoitalAct,362,10050.9,F,0,0
1960.52,1,FirstCoitalAct,14167,6826.55,M,0,0
1960.52,1,FirstCoitalAct,4021,8126.17,F,0,0
1960.52,1,FirstCoitalAct,15123,20184.6,M,0,0
1960.52,1,FirstCoitalAct,815,16198,F,0,0
1960.52,1,FirstCoitalAct,16308,7767.02,M,0,0
1960.52,1,FirstCoitalAct,2315,7809.1,F,0,0
1960.52,1,FirstCoitalAct,16343,8603.54,M,0,0
1960.52,1,FirstCoitalAct,4335,7559.51,F,0,0
1960.52,1,FirstCoitalAct,16448,6616.6,M,0,0
1960.52,1,FirstCoitalAct,17308,6898.31,F,0,0
1960.52,1,FirstCoitalAct,3167,8973.62,M,0,0
1960.52,1,FirstCoitalAct,8235,9030.33,F,0,0
1960.52,1,FirstCoitalAct,6683,12542.6,M,0,0
1960.52,1,FirstCoitalAct,1534,8612.57,F,0,0
1960.52,1,FirstCoitalAct,8347,10870.1,M,0,0
1960.52,1,FirstCoitalAct,14839,10129.6,F,0,0
1960.52,1,FirstCoitalAct,8376,13624.8,M,0,0
1960.52,1,FirstCoitalAct,12263,9291.34,F,0,0
1960.52,1,FirstCoitalAct,9045,7339.16,M,0,0
1960.52,1,FirstCoitalAct,2455,5038.54,F,0,0
1960.52,1,FirstCoitalAct,10243,9075.89,M,0,0
1960.52,1,FirstCoitalAct,16346,5393.36,F,0,0
1960.52,1,FirstCoitalAct,11066,12223.9,M,0,0
1960.52,1,FirstCoitalAct,16565,9916.35,F,0,0
1960.52,1,FirstCoitalAct,11082,16126.7,M,0,0
1960.52,1,FirstCoitalAct,6235,13972.2,F,0,0
1960.52,1,FirstCoitalAct,12155,7393.23,M,0,0
1960.52,1,FirstCoitalAct,4378,6841.03,F,0,0
1960.52,1,FirstCoitalAct,13023,7477.12,M,0,0
1960.52,1,FirstCoitalAct,11361,6426.97,F,0,0
1960.52,1,FirstCoitalAct,13719,8582.42,M,0,0
1960.52,1,FirstCoitalAct,14283,6866.63,F,0,0
1960.52,1,FirstCoitalAct,425,8075.42,M,0,0
1960.52,1,FirstCoitalAct,4692,7814.86,F,0,0
1960.52,1,FirstCoitalAct,903,18782.6,M,0,0
1960.52,1,FirstCoitalAct,7723,5931.14,F,0,0
1960.52,1,FirstCoitalAct,3446,13022.8,M,0,0
1960.52,1,FirstCoitalAct,11211,9118.21,F,0,0
1960.52,1,FirstCoitalAct,4014,9890.12,M,0,0
1960.52,1,FirstCoitalAct,8298,10674.7,F,0,0
1960.52,1,FirstCoitalAct,4549,8361.66,M,0,0
1960.52,1,FirstCoitalAct,11633,8980.4,F,0,0
1960.52,1,FirstCoitalAct,6264,18281.2,M,0,0
1960.52,1,FirstCoitalAct,8839,17506.4,F,0,0
1960.52,1,FirstCoitalAct,7387,14910.5,M,0,0
1960.52,1,FirstCoitalAct,4676,10340.5,F,0,0
1960.52,1,FirstCoitalAct,7454,6952.18,M,0,0
1960.52,1,FirstCoitalAct,9157,6616.14,F,0,0
1960.52,1,FirstCoitalAct,8095,7974.02,M,0,0
1960.52,1,FirstCoitalAct,5357,8043.88,F,0,0
1960.52,1,FirstCoitalAct,8232,22810,M,0,0
1960.52,1,FirstCoitalAct,12072,20760.7,F,0,0
1960.52,1,FirstCoitalAct,9991,13241.9,M,0,0
1960.52,1,FirstCoitalAct,1865,10484,F,0,0
1960.52,1,FirstCoitalAct,11027,12510.8,M,0,0
1960.52,1,FirstCoitalAct,2236,9790.15,F,0,0
1960.52,1,FirstCoitalAct,11673,8641.82,M,0,0
1960.52,1,FirstCoitalAct,12380,7164.14,F,0,0
1960.52,1,FirstCoitalAct,12275,15274.8,M,0,0
1960.52,1,FirstCoitalAct,6652,12774.7,F,0,0
1960.52,1,FirstCoitalAct,12624,14675.9,M,0,0
1960.52,1,FirstCoitalAct,15453,10982.6,F,0,0
1960.52,1,FirstCoitalAct,13667,13545.7,M,0,0
1960.52,1,FirstCoitalAct,4361,11432.4,F,0,0
1960.52,1,FirstCoitalAct,13762,6829.35,M,0,0
1960.52,1,FirstCoitalAct,13431,7751.57,F,0,0
1960.52,1,FirstCoitalAct,13863,8323.02,M,0,0
1960.52,1,FirstCoitalAct,14738,10465,F,0,0
1960.52,1,FirstCoitalAct,14158,7249.72,M,0,0
1960.52,1,FirstCoitalAct,13482,6271.02,F,0,0
1960.52,1,FirstCoitalAct,15935,7320.38,M,0,0
1960.52,1,FirstCoitalAct,10589,7672.66,F,0,0
1960.52,1,FirstCoitalAct,17239,10388.6,M,0,0
1960.52,1,FirstCoitalAct,3179,8802.25,F,0,0
1960.52,1,STIDebut,13399,5844.74,F,0,0
1960.53,1,FirstCoitalAct,644,9182.73,M,0,0
1960.53,1,FirstCoitalAct,8199,11790.8,F,0,0
1960.53,1,FirstCoitalAct,759,15061.4,M,0,0
1960.53,1,FirstCoitalAct,3545,12419.5,F,0,0
1960.53,1,FirstCoitalAct,5647,21882.1,M,0,0
1960.53,1,FirstCoitalAct,12849,16389.9,F,0,0
1960.53,1,FirstCoitalAct,9079,16620.5,M,0,0
1960.53,1,FirstCoitalAct,11872,5662.92,F,0,0
1960.53,1,FirstCoitalAct,9084,10501.2,M,0,0
1960.53,1,FirstCoitalAct,11452,8030.73,F,0,0
1960.53,1,FirstCoitalAct,9267,9117.45,M,0,0
1960.53,1,FirstCoitalAct,15818,6733.79,F,0,0
1960.53,1,FirstCoitalAct,9817,12103.9,M,0,0
1960.53,1,FirstCoitalAct,9269,12672.3,F,0,0
1960.53,1,FirstCoitalAct,11033,9950.86,M,0,0
1960.53,1,FirstCoitalAct,7073,5454.63,F,0,0
1960.53,1,FirstCoitalAct,13989,11352.9,M,0,0
1960.53,1,FirstCoitalAct,17105,8250.68,F,0,0
1960.53,1,FirstCoitalAct,14237,10014.9,M,0,0
1960.53,1,FirstCoitalAct,5070,6936.93,F,0,0
1960.53,1,FirstCoitalAct,14566,15118.8,M,0,0
1960.53,1,FirstCoitalAct,16897,9749.75,F,0,0
1960.53,1,FirstCoitalAct,14735,8839.11,M,0,0
1960.53,1,FirstCoitalAct,4799,7619.76,F,0,0
1960.53,1,FirstCoitalAct,14816,21153,M,0,0
1960.53,1,FirstCoitalAct,6729,17576.2,F,0,0
1960.53,1,FirstCoitalAct,15601,22749.9,M,0,0
1960.53,1,FirstCoitalAct,9534,18655.1,F,0,0
1960.53,1,FirstCoitalAct,16074,9160.9,M,0,0
1960.53,1,FirstCoitalAct,2695,9075.47,F,0,0
1960.53,1,FirstCoitalAct,16413,13508.3,M,0,0
1960.53,1,FirstCoitalAct,16997,9366.88,F,0,0
1960.53,1,FirstCoitalAct,17125,6300.5,M,0,0
1960.53,1,FirstCoitalAct,15782,6351.83,F,0,0
1960.53,1,FirstCoitalAct,183,19256,M,0,0
1960.53,1,FirstCoitalAct,3640,19815,F,0,0
1960.53,1,FirstCoitalAct,799,14293.9,M,0,0
1960.53,1,FirstCoitalAct,4198,8540.95,F,0,0
1960.53,1,FirstCoitalAct,1266,6857.64,M,0,0
1960.53,1,FirstCoitalAct,6880,6046.37,F,0,0
1960.53,1,FirstCoitalAct,3826,12736.6,M,0,0
1960.53,1,FirstCoitalAct,17198,7603.66,F,0,0
1960.53,1,FirstCoitalAct,4532,12139.2,M,0,0
1960.53,1,FirstCoitalAct,16739,10567,F,0,0
1960.53,1,FirstCoitalAct,4710,13627.6,M,0,0
1960.53,1,FirstCoitalAct,16376,7809.6,F,0,0
1960.53,1,FirstCoitalAct,8088,9431.84,M,0,0
1960.53,1,FirstCoitalAct,11831,8954.59,F,0,0
1960.53,1,FirstCoitalAct,9377,15740,M,0,0
1960.53,1,FirstCoitalAct,2569,11999.1,F,0,0
1960.53,1,FirstCoitalAct,10236,8671.79,M,0,0
1960.53,1,FirstCoitalAct,7953,7168.42,F,0,0
1960.53,1,FirstCoitalAct,11536,14787.2,M,0,0
1960.53,1,FirstCoitalAct,4624,13449.6,F,0,0
1960.53,1,FirstCoitalAct,11722,9837.54,M,0,0
1960.53,1,FirstCoitalAct,2135,7369.9,F,0,0
1960.53,1,FirstCoitalAct,14747,7938.82,M,0,0
1960.53,1,FirstCoitalAct,12778,7102.33,F,0,0
1960.53,1,FirstCoitalAct,15501,6104.33,M,0,0
1960.53,1,FirstCoitalAct,10301,6962.54,F,0,0
1960.53,1,STIDebut,6859,6046.02,F,0,0
1960.53,1,FirstCoitalAct,2512,12207.5,M,0,0
1960.53,1,FirstCoitalAct,13284,8652.6,F,0,0
1960.53,1,FirstCoitalAct,4646,6502.57,M,0,0
1960.53,1,FirstCoitalAct,4284,6523.85,F,0,0
1960.53,1,FirstCoitalAct,4670,10008.5,M,0,0
1960.53,1,FirstCoitalAct,13796,9681.86,F,0,0
1960.53,1,FirstCoitalAct,4674,7656.42,M,0,0
1960.53,1,FirstCoitalAct,5766,5617.25,F,0,0
1960.53,1,FirstCoitalAct,5094,7503.77,M,0,0
1960.53,1,FirstCoitalAct,16782,8417.69,F,0,0
1960.53,1,FirstCoitalAct,5242,20758.7,M,0,0
1960.53,1,FirstCoitalAct,12309,21435.6,F,0,0
1960.53,1,FirstCoitalAct,5428,9835.6,M,0,0
1960.53,1,FirstCoitalAct,14769,9715.17,F,0,0
1960.53,1,FirstCoitalAct,7925,15625.7,M,0,0
1960.53,1,FirstCoitalAct,15785,14748.6,F,0,0
1960.53,1,FirstCoitalAct,8182,6666.52,M,0,0
1960.53,1,FirstCoitalAct,13942,6526.49,F,0,0
1960.53,1,FirstCoitalAct,9515,6696.38,M,0,0
1960.53,1,FirstCoitalAct,8845,8850.34,F,0,0
1960.53,1,FirstCoitalAct,14757,15485.2,M,0,0
1960.53,1,FirstCoitalAct,17017,9863.87,F,0,0
1960.53,1,FirstCoitalAct,16262,16391.8,M,0,0
1960.53,1,FirstCoitalAct,5405,11624.1,F,0,0
1960.53,1,STIDebut,14248,6022.42,M,0,0
1960.54,1,FirstCoitalAct,1948,9526.64,M,0,0
1960.54,1,FirstCoitalAct,4183,8451.95,F,0,0
1960.54,1,FirstCoitalAct,2185,15263.7,M,0,0
1960.54,1,FirstCoitalAct,8760,13949.2,F,0,0
1960.54,1,FirstCoitalAct,2272,12561.7,M,0,0
1960.54,1,FirstCoitalAct,15522,12077.1,F,0,0
1960.54,1,FirstCoitalAct,6185,10190.9,M,0,0
1960.54,1,FirstCoitalAct,6237,8519.53,F,0,0
1960.54,1,FirstCoitalAct,7090,9937.61,M,0,0
1960.54,1,FirstCoitalAct,1143,7963.31,F,0,0
1960.54,1,FirstCoitalAct,9578,8753.47,M,0,0
1960.54,1,FirstCoitalAct,12974,6940.82,F,0,0
1960.54,1,FirstCoitalAct,11022,15113.4,M,0,0
1960.54,1,FirstCoitalAct,3992,17856.5,F,0,0
1960.54,1,FirstCoitalAct,11924,6044.36,M,0,0
1960.54,1,FirstCoitalAct,10774,6357.93,F,0,0
1960.54,1,FirstCoitalAct,13867,6761.58,M,0,0
1960.54,1,FirstCoitalAct,373,5690.08,F,0,0
1960.54,1,FirstCoitalAct,17186,9090.22,M,0,0
1960.54,1,FirstCoitalAct,14370,6150.47,F,0,0
1960.54,1,STIDebut,8060,5569.45,F,0,0
1960.54,1,FirstCoitalAct,140,6434.13,M,0,0
1960.54,1,FirstCoitalAct,15303,8448.7,F,0,0
1960.54,1,FirstCoitalAct,802,13895.4,M,0,0
1960.54,1,FirstCoitalAct,2849,8569.36,F,0,0
1960.54,1,FirstCoitalAct,928,13601.3,M,0,0
1960.54,1,FirstCoitalAct,1406,6645.19,F,0,0
1960.54,1,FirstCoitalAct,935,16753.6,M,0,0
1960.54,1,FirstCoitalAct,12940,11961.5,F,0,0
1960.54,1,FirstCoitalAct,2454,9514.69,M,0,0
1960.54,1,FirstCoitalAct,1491,8522.83,F,0,0
1960.54,1,FirstCoitalAct,2628,11512.6,M,0,0
1960.54,1,FirstCoitalAct,9625,7778.2,F,0,0
1960.54,1,FirstCoitalAct,3326,16637.7,M,0,0
1960.54,1,FirstCoitalAct,6381,17314.8,F,0,0
1960.54,1,FirstCoitalAct,3358,6443.53,M,0,0
1960.54,1,FirstCoitalAct,2826,5583.71,F,0,0
1960.54,1,FirstCoitalAct,3512,9602.01,M,0,0
1960.54,1,FirstCoitalAct,6067,6026.05,F,0,0
1960.54,1,FirstCoitalAct,4154,15416,M,0,0
1960.54,1,FirstCoitalAct,4177,8998.55,F,0,0
1960.54,1,FirstCoitalAct,4563,11170.6,M,0,0
1960.54,1,FirstCoitalAct,12568,8016.07,F,0,0
1960.54,1,FirstCoitalAct,4893,8056.71,M,0,0
1960.54,1,FirstCoitalAct,8085,5956.3,F,0,0
1960.54,1,FirstCoitalAct,5681,14558,M,0,0
1960.54,1,FirstCoitalAct,11687,10824.6,F,0,0
1960.54,1,FirstCoitalAct,7660,10142.9,M,0,0
1960.54,1,FirstCoitalAct,6035,14251.5,F,0,0
1960.54,1,FirstCoitalAct,10183,11892.8,M,0,0
1960.54,1,FirstCoitalAct,3818,8947.86,F,0,0
1960.54,1,FirstCoitalAct,12228,8875.69,M,0,0
1960.54,1,FirstCoitalAct,12883,8239.68,F,0,0
1960.54,1,FirstCoitalAct,13991,9412.09,M,0,0
1960.54,1,FirstCoitalAct,3985,7033.73,F,0,0
1960.54,1,FirstCoitalAct,14493,8416.11,M,0,0
1960.54,1,FirstCoitalAct,4197,6021.85,F,0,0
1960.54,1,STIDebut,1656,6151.44,F,0,0
1960.54,1,STIDebut,8941,4910.08,M,0,0
1960.54,1,STIDebut,15679,5325.49,F,0,0
1960.54,1,FirstCoitalAct,2488,12340.7,M,0,0
1960.54,1,FirstCoitalAct,9127,10036.8,F,0,0
1960.54,1,FirstCoitalAct,4406,21208.2,M,0,0
1960.54,1,FirstCoitalAct,6377,19174.7,F,0,0
1960.54,1,FirstCoitalAct,4451,10530,M,0,0
1960.54,1,FirstCoitalAct,9801,9761.64,F,0,0
1960.54,1,FirstCoitalAct,5435,10859.7,M,0,0
1960.54,1,FirstCoitalAct,15271,9235.33,F,0,0
1960.54,1,FirstCoitalAct,5558,6264.71,M,0,0
1960.54,1,FirstCoitalAct,13282,6854.13,F,0,0
1960.54,1,FirstCoitalAct,6739,13952.4,M,0,0
1960.54,1,FirstCoitalAct,3330,12011.6,F,0,0
1960.54,1,FirstCoitalAct,6788,7355.09,M,0,0
1960.54,1,FirstCoitalAct,2449,5595.06,F,0,0
1960.54,1,FirstCoitalAct,9568,12098.4,M,0,0
1960.54,1,FirstCoitalAct,5517,7399.95,F,0,0
1960.54,1,FirstCoitalAct,10984,12240.2,M,0,0
1960.54,1,FirstCoitalAct,968,8087.36,F,0,0
1960.54,1,FirstCoitalAct,11137,6708.11,M,0,0
1960.54,1,FirstCoitalAct,12758,6097.77,F,0,0
1960.54,1,FirstCoitalAct,15539,11750.5,M,0,0
1960.54,1,FirstCoitalAct,13771,12375.4,F,0,0
1960.54,1,FirstCoitalAct,16045,10167.6,M,0,0
1960.54,1,FirstCoitalAct,3650,9583.19,F,0,0
1960.54,1,FirstCoitalAct,17133,9526.94,M,0,0
1960.54,1,FirstCoitalAct,10498,5359.2,F,0,0
1960.54,1,FirstCoitalAct,866,9422.9,M,0,0
1960.54,1,FirstCoitalAct,2102,8487.68,F,0,0
1960.54,1,FirstCoitalAct,1396,10152,M,0,0
1960.54,1,FirstCoitalAct,12660,6162.42,F,0,0
1960.54,1,FirstCoitalAct,3579,17510.6,M,0,0
1960.54,1,FirstCoitalAct,2680,16491.3,F,0,0
1960.54,1,FirstCoitalAct,3735,7731.29,M,0,0
1960.54,1,FirstCoitalAct,11964,7887.13,F,0,0
1960.54,1,FirstCoitalAct,3858,16613.1,M,0,0
1960.54,1,FirstCoitalAct,13460,13717.2,F,0,0
1960.54,1,FirstCoitalAct,4525,9337.59,M,0,0
1960.54,1,FirstCoitalAct,4113,10505.5,F,0,0
1960.54,1,FirstCoitalAct,4782,11369.3,M,0,0
1960.54,1,FirstCoitalAct,4120,8926.68,F,0,0
1960.54,1,FirstCoitalAct,5474,9679.95,M,0,0
1960.54,1,FirstCoitalAct,9167,6933.05,F,0,0
1960.54,1,FirstCoitalAct,5625,10597.9,M,0,0
1960.54,1,FirstCoitalAct,484,7944.07,F,0,0
1960.54,1,FirstCoitalAct,6412,12005.5,M,0,0
1960.54,1,FirstCoitalAct,3280,12015.6,F,0,0
1960.54,1,FirstCoitalAct,6469,8844.99,M,0,0
1960.54,1,FirstCoitalAct,13849,7206.68,F,0,0
1960.54,1,FirstCoitalAct,8456,7004.76,M,0,0
1960.54,1,FirstCoitalAct,3086,6430.36,F,0,0
1960.54,1,FirstCoitalAct,13318,10451.7,M,0,0
1960.54,1,FirstCoitalAct,13573,8800.79,F,0,0
1960.54,1,FirstCoitalAct,14610,9335.17,M,0,0
1960.54,1,FirstCoitalAct,7159,6115.55,F,0,0
1960.54,1,FirstCoitalAct,15332,11676.9,M,0,0
1960.54,1,FirstCoitalAct,3261,11191.6,F,0,0
1960.54,1,FirstCoitalAct,17310,15385.6,M,0,0
1960.54,1,FirstCoitalAct,9468,12051.2,F,0,0
1960.54,1,STIDebut,7736,5862.72,F,0,0
1960.55,1,FirstCoitalAct,264,13254,M,0,0
1960.55,1,FirstCoitalAct,13390,13595.1,F,0,0
1960.55,1,FirstCoitalAct,752,7127.16,M,0,0
1960.55,1,FirstCoitalAct,5424,6075.91,F,0,0
1960.55,1,FirstCoitalAct,3652,10167.9,M,0,0
1960.55,1,FirstCoitalAct,3339,7207.19,F,0,0
1960.55,1,FirstCoitalAct,5491,10332.8,M,0,0
1960.55,1,FirstCoitalAct,5367,6584.05,F,0,0
1960.55,1,FirstCoitalAct,8815,13611.7,M,0,0
1960.55,1,FirstCoitalAct,13848,13322.1,F,0,0
1960.55,1,FirstCoitalAct,11201,12689.2,M,0,0
1960.55,1,FirstCoitalAct,15687,10346,F,0,0
1960.55,1,FirstCoitalAct,11489,7896.39,M,0,0
1960.55,1,FirstCoitalAct,188,8746.36,F,0,0
1960.55,1,FirstCoitalAct,11663,7527.82,M,0,0
1960.55,1,FirstCoitalAct,5044,6169.1,F,0,0
1960.55,1,FirstCoitalAct,11785,7730.22,M,0,0
1960.55,1,FirstCoitalAct,6599,7339.34,F,0,0
1960.55,1,FirstCoitalAct,13180,7108.98,M,0,0
1960.55,1,FirstCoitalAct,16914,6554.42,F,0,0
1960.55,1,FirstCoitalAct,13445,9051.48,M,0,0
1960.55,1,FirstCoitalAct,11055,6659.81,F,0,0
1960.55,1,FirstCoitalAct,15760,10931.2,M,0,0
1960.55,1,FirstCoitalAct,13751,7541.31,F,0,0
1960.55,1,FirstCoitalAct,16763,9673.27,M,0,0
1960.55,1,FirstCoitalAct,13308,7145.11,F,0,0
1960.55,1,STIDebut,235,5881.72,F,0,0
1960.55,1,STIDebut,9295,6314.85,M,0,0
1960.55,1,FirstCoitalAct,5,6083.79,M,0,0
1960.55,1,FirstCoitalAct,236,7062.75,F,0,0
1960.55,1,FirstCoitalAct,305,5986.03,M,0,0
1960.55,1,FirstCoitalAct,3708,7067.07,F,0,0
1960.55,1,FirstCoitalAct,1651,10801,M,0,0
1960.55,1,FirstCoitalAct,9747,8341.65,F,0,0
1960.55,1,FirstCoitalAct,2302,6930.8,M,0,0
1960.55,1,FirstCoitalAct,11546,5731.04,F,0,0
1960.55,1,FirstCoitalAct,6481,5584.21,M,0,0
1960.55,1,FirstCoitalAct,15660,8157.57,F,0,0
1960.55,1,FirstCoitalAct,7482,7163.77,M,0,0
1960.55,1,FirstCoitalAct,8861,5564.43,F,0,0
1960.55,1,FirstCoitalAct,7644,8904.25,M,0,0
1960.55,1,FirstCoitalAct,2140,7212.93,F,0,0
1960.55,1,FirstCoitalAct,11977,11754.4,M,0,0
1960.55,1,FirstCoitalAct,10404,9584.95,F,0,0
1960.55,1,FirstCoitalAct,12771,11746.6,M,0,0
1960.55,1,FirstCoitalAct,8114,7363.88,F,0,0
1960.55,1,FirstCoitalAct,13436,15369.1,M,0,0
1960.55,1,FirstCoitalAct,7071,10615.4,F,0,0
1960.55,1,FirstCoitalAct,15489,11809.8,M,0,0
1960.55,1,FirstCoitalAct,756,8753.49,F,0,0
1960.55,1,FirstCoitalAct,16098,12244.2,M,0,0
1960.55,1,FirstCoitalAct,9656,7520.25,F,0,0
1960.55,1,STIDebut,12160,5436.58,F,0,0
1960.55,1,FirstCoitalAct,4481,9437.37,M,0,0
1960.55,1,FirstCoitalAct,10131,8107.87,F,0,0
1960.55,1,FirstCoitalAct,5662,13098.4,M,0,0
1960.55,1,FirstCoitalAct,238,10855.4,F,0,0
1960.55,1,FirstCoitalAct,8212,11736.2,M,0,0
1960.55,1,FirstCoitalAct,422,8668.29,F,0,0
1960.55,1,FirstCoitalAct,9528,8266.79,M,0,0
1960.55,1,FirstCoitalAct,4991,8803.49,F,0,0
1960.55,1,FirstCoitalAct,10021,9071.37,M,0,0
1960.55,1,FirstCoitalAct,4572,7095.61,F,0,0
1960.55,1,FirstCoitalAct,10450,7866.66,M,0,0
1960.55,1,FirstCoitalAct,12620,7763.42,F,0,0
1960.55,1,FirstCoitalAct,10931,8558.87,M,0,0
1960.55,1,FirstCoitalAct,14527,5406.89,F,0,0
1960.55,1,FirstCoitalAct,11223,10795.3,M,0,0
1960.55,1,FirstCoitalAct,16333,12030.5,F,0,0
1960.55,1,FirstCoitalAct,11932,13832.9,M,0,0
1960.55,1,FirstCoitalAct,522,11677.4,F,0,0
1960.55,1,FirstCoitalAct,13103,6152.33,M,0,0
1960.55,1,FirstCoitalAct,9946,5268.8,F,0,0
1960.55,1,FirstCoitalAct,14162,7304.64,M,0,0
1960.55,1,FirstCoitalAct,987,7435.72,F,0,0
1960.55,1,STIDebut,8003,6276.52,M,0,0
1960.55,1,STIDebut,14835,5846.94,F,0,0
1960.55,1,FirstCoitalAct,190,13380.8,M,0,0
1960.55,1,FirstCoitalAct,11054,13449.7,F,0,0
1960.55,1,FirstCoitalAct,2856,13397.4,M,0,0
1960.55,1,FirstCoitalAct,9691,9232.97,F,0,0
1960.55,1,FirstCoitalAct,3035,18848.9,M,0,0
1960.55,1,FirstCoitalAct,6777,16459.4,F,0,0
1960.55,1,FirstCoitalAct,3722,8741.58,M,0,0
1960.55,1,FirstCoitalAct,14959,5534.82,F,0,0
1960.55,1,FirstCoitalAct,6450,10996.2,M,0,0
1960.55,1,FirstCoitalAct,9678,11305,F,0,0
1960.55,1,FirstCoitalAct,9056,15741.5,M,0,0
1960.55,1,FirstCoitalAct,2710,16201.6,F,0,0
1960.55,1,FirstCoitalAct,11240,14347.8,M,0,0
1960.55,1,FirstCoitalAct,3471,8883.14,F,0,0
1960.55,1,FirstCoitalAct,13866,15426.4,M,0,0
1960.55,1,FirstCoitalAct,3568,8639.03,F,0,0
1960.55,1,FirstCoitalAct,14394,14978.3,M,0,0
1960.55,1,FirstCoitalAct,13645,10677.4,F,0,0
1960.55,1,FirstCoitalAct,14992,5294.87,M,0,0
1960.55,1,FirstCoitalAct,8780,6169.31,F,0,0
1960.55,1,FirstCoitalAct,15720,10581,M,0,0
1960.55,1,FirstCoitalAct,5254,8811.48,F,0,0
1960.55,1,STIDebut,4117,6203.23,M,0,0
1960.55,1,STIDebut,6019,6281.2,M,0,0
1960.55,1,STIDebut,15063,5753.13,F,0,0
1960.56,1,FirstCoitalAct,180,8742.15,M,0,0
1960.56,1,FirstCoitalAct,2859,8174.49,F,0,0
1960.56,1,FirstCoitalAct,502,13414.8,M,0,0
1960.56,1,FirstCoitalAct,16620,13319.8,F,0,0
1960.56,1,FirstCoitalAct,1108,8531.5,M,0,0
1960.56,1,FirstCoitalAct,2803,8982.65,F,0,0
1960.56,1,FirstCoitalAct,4186,5949.41,M,0,0
1960.56,1,FirstCoitalAct,17191,7867.74,F,0,0
1960.56,1,FirstCoitalAct,5078,9245.07,M,0,0
1960.56,1,FirstCoitalAct,14276,6852.07,F,0,0
1960.56,1,FirstCoitalAct,5557,9968.95,M,0,0
1960.56,1,FirstCoitalAct,14835,5847.94,F,0,0
1960.56,1,FirstCoitalAct,6287,8512.03,M,0,0
1960.56,1,FirstCoitalAct,14174,8900.62,F,0,0
1960.56,1,FirstCoitalAct,8642,10666.3,M,0,0
1960.56,1,FirstCoitalAct,8140,8768.12,F,0,0
1960.56,1,FirstCoitalAct,10796,10997.7,M,0,0
1960.56,1,FirstCoitalAct,2719,8826.47,F,0,0
1960.56,1,FirstCoitalAct,12011,12038.5,M,0,0
1960.56,1,FirstCoitalAct,15593,7252.03,F,0,0
1960.56,1,FirstCoitalAct,12052,8847.54,M,0,0
1960.56,1,FirstCoitalAct,4753,8741.66,F,0,0
1960.56,1,FirstCoitalAct,14287,5498.29,M,0,0
1960.56,1,FirstCoitalAct,6866,6729.65,F,0,0
1960.56,1,FirstCoitalAct,15509,5668.42,M,0,0
1960.56,1,FirstCoitalAct,10380,8829.01,F,0,0
1960.56,1,STIDebut,2609,5759.92,M,0,0
1960.56,1,STIDebut,11468,5490.11,F,0,0
1960.56,1,FirstCoitalAct,1362,15367.7,M,0,0
1960.56,1,FirstCoitalAct,2630,10691.3,F,0,0
1960.56,1,FirstCoitalAct,2239,13594.5,M,0,0
1960.56,1,FirstCoitalAct,6660,8200.42,F,0,0
1960.56,1,FirstCoitalAct,2465,12427.4,M,0,0
1960.56,1,FirstCoitalAct,6608,9891.01,F,0,0
1960.56,1,FirstCoitalAct,2692,18559.5,M,0,0
1960.56,1,FirstCoitalAct,17243,13064.2,F,0,0
1960.56,1,FirstCoitalAct,3043,7232.82,M,0,0
1960.56,1,FirstCoitalAct,4123,8106.31,F,0,0
1960.56,1,FirstCoitalAct,5703,18188.7,M,0,0
1960.56,1,FirstCoitalAct,14708,16385.6,F,0,0
1960.56,1,FirstCoitalAct,6061,20221.7,M,0,0
1960.56,1,FirstCoitalAct,1654,14383.3,F,0,0
1960.56,1,FirstCoitalAct,6295,5776.69,M,0,0
1960.56,1,FirstCoitalAct,3305,9981.36,F,0,0
1960.56,1,FirstCoitalAct,7094,7981.98,M,0,0
1960.56,1,FirstCoitalAct,6165,9504.36,F,0,0
1960.56,1,FirstCoitalAct,10714,6091.66,M,0,0
1960.56,1,FirstCoitalAct,12629,7638.33,F,0,0
1960.56,1,FirstCoitalAct,10811,15073.2,M,0,0
1960.56,1,FirstCoitalAct,4873,12777.9,F,0,0
1960.56,1,FirstCoitalAct,11112,15392.4,M,0,0
1960.56,1,FirstCoitalAct,3061,16624.8,F,0,0
1960.56,1,FirstCoitalAct,12369,7451.48,M,0,0
1960.56,1,FirstCoitalAct,11468,5490.11,F,0,0
1960.56,1,FirstCoitalAct,12861,7725.71,M,0,0
1960.56,1,FirstCoitalAct,5181,8608.2,F,0,0
1960.56,1,FirstCoitalAct,14405,10056,M,0,0
1960.56,1,FirstCoitalAct,10025,8315.5,F,0,0
1960.56,1,FirstCoitalAct,15832,7413.45,M,0,0
1960.56,1,FirstCoitalAct,9082,8747.3,F,0,0
1960.56,1,FirstCoitalAct,303,6664.96,M,0,0
1960.56,1,FirstCoitalAct,716,7030.72,F,0,0
1960.56,1,FirstCoitalAct,9836,22032.2,M,0,0
1960.56,1,FirstCoitalAct,11154,19597.6,F,0,0
1960.56,1,FirstCoitalAct,12807,7263.74,M,0,0
1960.56,1,FirstCoitalAct,5654,8201.6,F,0,0
1960.56,1,FirstCoitalAct,13869,9663.14,M,0,0
1960.56,1,FirstCoitalAct,3659,5935.14,F,0,0
1960.56,1,FirstCoitalAct,15024,20217.7,M,0,0
1960.56,1,FirstCoitalAct,14574,15803.4,F,0,0
1960.56,1,FirstCoitalAct,16072,7797.53,M,0,0
1960.56,1,FirstCoitalAct,5708,7880.06,F,0,0
1960.57,1,FirstCoitalAct,105,10787.2,M,0,0
1960.57,1,FirstCoitalAct,9896,8606.03,F,0,0
1960.57,1,FirstCoitalAct,1021,9397.17,M,0,0
1960.57,1,FirstCoitalAct,11593,8975.48,F,0,0
1960.57,1,FirstCoitalAct,2500,9998.59,M,0,0
1960.57,1,FirstCoitalAct,16842,7915.21,F,0,0
1960.57,1,FirstCoitalAct,3360,5947.52,M,0,0
1960.57,1,FirstCoitalAct,13063,6642.44,F,0,0
1960.57,1,FirstCoitalAct,4145,8560.62,M,0,0
1960.57,1,FirstCoitalAct,2154,8726.34,F,0,0
1960.57,1,FirstCoitalAct,6715,10728.3,M,0,0
1960.57,1,FirstCoitalAct,7561,8768.23,F,0,0
1960.57,1,FirstCoitalAct,7124,13440,M,0,0
1960.57,1,FirstCoitalAct,9730,9044.92,F,0,0
1960.57,1,FirstCoitalAct,7811,7098.37,M,0,0
1960.57,1,FirstCoitalAct,8436,7656.14,F,0,0
1960.57,1,FirstCoitalAct,12547,12683.4,M,0,0
1960.57,1,FirstCoitalAct,14814,12910,F,0,0
1960.57,1,FirstCoitalAct,12946,6736.41,M,0,0
1960.57,1,FirstCoitalAct,13475,10772.9,F,0,0
1960.57,1,FirstCoitalAct,1672,8050.62,M,0,0
1960.57,1,FirstCoitalAct,15960,7745.8,F,0,0
1960.57,1,FirstCoitalAct,4344,8894.71,M,0,0
1960.57,1,FirstCoitalAct,11466,8174.86,F,0,0
1960.57,1,FirstCoitalAct,5033,6839.88,M,0,0
1960.57,1,FirstCoitalAct,6628,7740.72,F,0,0
1960.57,1,FirstCoitalAct,5138,8429.35,M,0,0
1960.57,1,FirstCoitalAct,3865,7110.32,F,0,0
1960.57,1,FirstCoitalAct,5841,8269.8,M,0,0
1960.57,1,FirstCoitalAct,15919,8955.06,F,0,0
1960.57,1,FirstCoitalAct,8341,7611.37,M,0,0
1960.57,1,FirstCoitalAct,12192,6979.18,F,0,0
1960.57,1,FirstCoitalAct,8524,12638,M,0,0
1960.57,1,FirstCoitalAct,16363,10156.9,F,0,0
1960.57,1,FirstCoitalAct,10323,8146.43,M,0,0
1960.57,1,FirstCoitalAct,11973,8791.51,F,0,0
1960.57,1,FirstCoitalAct,12206,16799.2,M,0,0
1960.57,1,FirstCoitalAct,2264,14705.1,F,0,0
1960.57,1,FirstCoitalAct,12945,11458.1,M,0,0
1960.57,1,FirstCoitalAct,3805,9656.73,F,0,0
1960.57,1,FirstCoitalAct,13478,17298.9,M,0,0
1960.57,1,FirstCoitalAct,2224,16142,F,0,0
1960.57,1,FirstCoitalAct,14053,9303.13,M,0,0
1960.57,1,FirstCoitalAct,14980,7720.2,F,0,0
1960.57,1,FirstCoitalAct,14463,6146.89,M,0,0
1960.57,1,FirstCoitalAct,16018,5833.87,F,0,0
1960.57,1,FirstCoitalAct,15863,8348.39,M,0,0
1960.57,1,FirstCoitalAct,10570,7388.79,F,0,0
1960.57,1,STIDebut,16785,6094.03,M,0,0
1960.57,1,FirstCoitalAct,5582,7187.87,M,0,0
1960.57,1,FirstCoitalAct,3736,7589.44,F,0,0
1960.57,1,FirstCoitalAct,7655,9150.81,M,0,0
1960.57,1,FirstCoitalAct,10493,8737.47,F,0,0
1960.57,1,FirstCoitalAct,7700,14412,M,0,0
1960.57,1,FirstCoitalAct,11887,8218.42,F,0,0
1960.57,1,FirstCoitalAct,7968,10234.3,M,0,0
1960.57,1,FirstCoitalAct,3809,9960.54,F,0,0
1960.57,1,FirstCoitalAct,9224,10917.4,M,0,0
1960.57,1,FirstCoitalAct,14784,7289.72,F,0,0
1960.57,1,FirstCoitalAct,12961,11594.6,M,0,0
1960.57,1,FirstCoitalAct,4089,10248.3,F,0,0
1960.57,1,FirstCoitalAct,13053,11048,M,0,0
1960.57,1,FirstCoitalAct,11417,8644.87,F,0,0
1960.57,1,FirstCoitalAct,15262,10262.5,M,0,0
1960.57,1,FirstCoitalAct,980,7632.95,F,0,0
1960.57,1,FirstCoitalAct,16372,20998.7,M,0,0
1960.57,1,FirstCoitalAct,2945,24289.3,F,0,0
1960.57,1,FirstCoitalAct,17387,6124.82,M,0,0
1960.57,1,FirstCoitalAct,14763,7262.37,F,0,0
1960.57,1,STIDebut,6491,5737.61,F,0,0
1960.57,1,STIDebut,9696,6242.91,F,0,0
1960.57,1,FirstCoitalAct,1295,6210.44,M,0,0
1960.57,1,FirstCoitalAct,10172,6308.49,F,0,0
1960.57,1,FirstCoitalAct,1386,13965,M,0,0
1960.57,1,FirstCoitalAct,7368,10680.5,F,0,0
1960.57,1,FirstCoitalAct,1895,15015.9,M,0,0
1960.57,1,FirstCoitalAct,5148,11377.3,F,0,0
1960.57,1,FirstCoitalAct,2801,9975.61,M,0,0
1960.57,1,FirstCoitalAct,8081,8851.68,F,0,0
1960.57,1,FirstCoitalAct,3942,9801.68,M,0,0
1960.57,1,FirstCoitalAct,5983,8079.29,F,0,0
1960.57,1,FirstCoitalAct,4251,9024.18,M,0,0
1960.57,1,FirstCoitalAct,1214,8689.62,F,0,0
1960.57,1,FirstCoitalAct,5154,10767.1,M,0,0
1960.57,1,FirstCoitalAct,13129,6356.36,F,0,0
1960.57,1,FirstCoitalAct,5527,6342.79,M,0,0
1960.57,1,FirstCoitalAct,15399,6279.98,F,0,0
1960.57,1,FirstCoitalAct,6984,8073.46,M,0,0
1960.57,1,FirstCoitalAct,3106,5627.75,F,0,0
1960.57,1,FirstCoitalAct,8941,4922.08,M,0,0
1960.57,1,FirstCoitalAct,14563,6107.46,F,0,0
1960.57,1,FirstCoitalAct,9006,6541.43,M,0,0
1960.57,1,FirstCoitalAct,2412,5654.05,F,0,0
1960.57,1,FirstCoitalAct,10481,14016.1,M,0,0
1960.57,1,FirstCoitalAct,600,10916,F,0,0
1960.57,1,FirstCoitalAct,11675,7963.78,M,0,0
1960.57,1,FirstCoitalAct,7363,7013.27,F,0,0
1960.57,1,FirstCoitalAct,11883,7946.73,M,0,0
1960.57,1,FirstCoitalAct,8490,6063.3,F,0,0
1960.57,1,STIDebut,4795,6438.98,M,0,0
1960.58,1,FirstCoitalAct,299,19464.9,M,0,0
1960.58,1,FirstCoitalAct,5397,17760.2,F,0,0
1960.58,1,FirstCoitalAct,11817,11583.3,M,0,0
1960.58,1,FirstCoitalAct,12625,9445.75,F,0,0
1960.58,1,FirstCoitalAct,15743,11610.1,M,0,0
1960.58,1,FirstCoitalAct,8340,10199.3,F,0,0
1960.58,1,STIDebut,6983,6207.58,M,0,0
1960.58,1,FirstCoitalAct,517,6343.28,M,0,0
1960.58,1,FirstCoitalAct,6903,6768.29,F,0,0
1960.58,1,FirstCoitalAct,672,6203.28,M,0,0
1960.58,1,FirstCoitalAct,8764,6491.56,F,0,0
1960.58,1,FirstCoitalAct,3224,5929.15,M,0,0
1960.58,1,FirstCoitalAct,13185,6602.88,F,0,0
1960.58,1,FirstCoitalAct,5157,8009.94,M,0,0
1960.58,1,FirstCoitalAct,4216,8093.49,F,0,0
1960.58,1,FirstCoitalAct,7170,17151,M,0,0
1960.58,1,FirstCoitalAct,2973,13849.8,F,0,0
1960.58,1,FirstCoitalAct,9050,8060.28,M,0,0
1960.58,1,FirstCoitalAct,8192,5797.55,F,0,0
1960.58,1,FirstCoitalAct,9781,10940.5,M,0,0
1960.58,1,FirstCoitalAct,12311,7897.11,F,0,0
1960.58,1,FirstCoitalAct,14852,15337.7,M,0,0
1960.58,1,FirstCoitalAct,15938,15557,F,0,0
1960.58,1,FirstCoitalAct,14875,7699.08,M,0,0
1960.58,1,FirstCoitalAct,2621,10526.3,F,0,0
1960.58,1,FirstCoitalAct,16801,10824.1,M,0,0
1960.58,1,FirstCoitalAct,5168,10033.3,F,0,0
1960.58,1,STIDebut,16389,6395.73,M,0,0
1960.58,1,FirstCoitalAct,185,7355.94,M,0,0
1960.58,1,FirstCoitalAct,891,7691.87,M,0,0
1960.58,1,FirstCoitalAct,5492,9923.74,F,0,0
1960.58,1,FirstCoitalAct,4599,10907.8,M,0,0
1960.58,1,FirstCoitalAct,6949,9177.69,F,0,0
1960.58,1,FirstCoitalAct,7015,7261.15,M,0,0
1960.58,1,FirstCoitalAct,14886,5995.93,F,0,0
1960.58,1,FirstCoitalAct,9201,7305.79,M,0,0
1960.58,1,FirstCoitalAct,9129,6117.6,F,0,0
1960.58,1,FirstCoitalAct,10744,8033.66,M,0,0
1960.58,1,FirstCoitalAct,3223,5950.09,F,0,0
1960.58,1,FirstCoitalAct,11513,9654.32,M,0,0
1960.58,1,FirstCoitalAct,6696,6617.98,F,0,0
1960.58,1,FirstCoitalAct,13352,9330.58,M,0,0
1960.58,1,FirstCoitalAct,2290,8295.75,F,0,0
1960.58,1,FirstCoitalAct,15100,12275.7,M,0,0
1960.58,1,FirstCoitalAct,17266,13430.2,F,0,0
1960.58,1,FirstCoitalAct,15277,18806.4,M,0,0
1960.58,1,FirstCoitalAct,3349,11982.8,F,0,0
1960.58,1,FirstCoitalAct,16235,7382.3,M,0,0
1960.58,1,FirstCoitalAct,6139,7391.31,F,0,0
1960.58,1,STIDebut,2676,6053.45,F,0,0
1960.58,1,FirstCoitalAct,453,13053.7,M,0,0
1960.58,1,FirstCoitalAct,614,10058.1,F,0,0
1960.58,1,FirstCoitalAct,3033,6184.85,M,0,0
1960.58,1,FirstCoitalAct,13506,7084.39,F,0,0
1960.58,1,FirstCoitalAct,9916,14095.6,M,0,0
1960.58,1,FirstCoitalAct,2544,10974.7,F,0,0
1960.58,1,FirstCoitalAct,13275,18594.3,M,0,0
1960.58,1,FirstCoitalAct,16968,17566.4,F,0,0
1960.58,1,FirstCoitalAct,13589,8303.1,M,0,0
1960.58,1,FirstCoitalAct,916,10733.1,F,0,0
1960.58,1,FirstCoitalAct,15577,8744.04,M,0,0
1960.58,1,FirstCoitalAct,2269,6505.86,F,0,0
1960.58,1,FirstCoitalAct,16017,6989.51,M,0,0
1960.58,1,FirstCoitalAct,3943,5026.68,F,0,0
1960.58,1,STIDebut,12066,5482.9,F,0,0
1960.59,1,FirstCoitalAct,5059,8022.11,M,0,0
1960.59,1,FirstCoitalAct,11028,6558.9,F,0,0
1960.59,1,FirstCoitalAct,7396,10758.8,M,0,0
1960.59,1,FirstCoitalAct,5083,9141.78,F,0,0
1960.59,1,FirstCoitalAct,8694,9780.69,M,0,0
1960.59,1,FirstCoitalAct,11284,6014.16,F,0,0
1960.59,1,FirstCoitalAct,13001,13891.2,M,0,0
1960.59,1,FirstCoitalAct,3804,14483.4,F,0,0
1960.59,1,FirstCoitalAct,13981,6356.23,M,0,0
1960.59,1,FirstCoitalAct,128,6243.81,F,0,0
1960.59,1,FirstCoitalAct,14176,13882.6,M,0,0
1960.59,1,FirstCoitalAct,15035,10979.3,F,0,0
1960.59,1,FirstCoitalAct,2273,11307.3,M,0,0
1960.59,1,FirstCoitalAct,564,9451.49,F,0,0
1960.59,1,FirstCoitalAct,3265,11835.1,M,0,0
1960.59,1,FirstCoitalAct,1695,8814.6,F,0,0
1960.59,1,FirstCoitalAct,4423,11492.2,M,0,0
1960.59,1,FirstCoitalAct,5341,6550.07,F,0,0
1960.59,1,FirstCoitalAct,10281,9060.09,M,0,0
1960.59,1,FirstCoitalAct,13904,8639.83,F,0,0
1960.59,1,FirstCoitalAct,10329,11651.6,M,0,0
1960.59,1,FirstCoitalAct,7066,12114.1,F,0,0
1960.59,1,FirstCoitalAct,10538,11050.6,M,0,0
1960.59,1,FirstCoitalAct,196,10247.3,F,0,0
1960.59,1,FirstCoitalAct,11438,9923.5,M,0,0
1960.59,1,FirstCoitalAct,12436,6849.29,F,0,0
1960.59,1,FirstCoitalAct,12094,13347.6,M,0,0
1960.59,1,FirstCoitalAct,8705,12470,F,0,0
1960.59,1,FirstCoitalAct,13058,15665.1,M,0,0
1960.59,1,FirstCoitalAct,7905,15239.8,F,0,0
1960.59,1,FirstCoitalAct,13493,15328.5,M,0,0
1960.59,1,FirstCoitalAct,8448,14495.7,F,0,0
1960.59,1,FirstCoitalAct,14516,8840.68,M,0,0
1960.59,1,FirstCoitalAct,6172,7054.38,F,0,0
1960.59,1,FirstCoitalAct,16956,7521.24,M,0,0
1960.59,1,FirstCoitalAct,1329,6185.2,F,0,0
1960.59,1,STIDebut,946,5770.37,F,0,0
1960.59,1,STIDebut,13746,4911.82,F,0,0
1960.59,1,FirstCoitalAct,164,17791.1,M,0,0
1960.59,1,FirstCoitalAct,7825,16487.1,F,0,0
1960.59,1,FirstCoitalAct,2265,7915.23,M,0,0
1960.59,1,FirstCoitalAct,877,6424.44,F,0,0
1960.59,1,FirstCoitalAct,2970,10127.5,M,0,0
1960.59,1,FirstCoitalAct,11570,6998.64,F,0,0
1960.59,1,FirstCoitalAct,3841,11628.8,M,0,0
1960.59,1,FirstCoitalAct,3661,9629.5,F,0,0
1960.59,1,FirstCoitalAct,4278,9690.45,M,0,0
1960.59,1,FirstCoitalAct,4112,8692.75,F,0,0
1960.59,1,FirstCoitalAct,6036,10570.1,M,0,0
1960.59,1,FirstCoitalAct,5749,9811.88,F,0,0
1960.59,1,FirstCoitalAct,6353,10668.5,M,0,0
1960.59,1,FirstCoitalAct,2281,5976.6,F,0,0
1960.59,1,FirstCoitalAct,6817,6510.38,M,0,0
1960.59,1,FirstCoitalAct,1782,6065.95,F,0,0
1960.59,1,FirstCoitalAct,7103,7198.7,M,0,0
1960.59,1,FirstCoitalAct,7908,6317.19,F,0,0
1960.59,1,FirstCoitalAct,7143,8628.42,M,0,0
1960.59,1,FirstCoitalAct,11917,8383.79,F,0,0
1960.59,1,FirstCoitalAct,10728,14090.6,M,0,0
1960.59,1,FirstCoitalAct,7927,11871.2,F,0,0
1960.59,1,FirstCoitalAct,11405,10593.1,M,0,0
1960.59,1,FirstCoitalAct,2843,7863.12,F,0,0
1960.59,1,FirstCoitalAct,15328,16788.9,M,0,0
1960.59,1,FirstCoitalAct,3417,12240,F,0,0
1960.6,1,FirstCoitalAct,491,6539.24,M,0,0
1960.6,1,FirstCoitalAct,3936,9009.22,F,0,0
1960.6,1,FirstCoitalAct,1233,9430.67,M,0,0
1960.6,1,FirstCoitalAct,5409,7176.01,F,0,0
1960.6,1,FirstCoitalAct,2752,9977.35,M,0,0
1960.6,1,FirstCoitalAct,7208,5794.76,F,0,0
1960.6,1,FirstCoitalAct,2772,6375.79,M,0,0
1960.6,1,FirstCoitalAct,17226,6459.9,F,0,0
1960.6,1,FirstCoitalAct,3626,5219.2,M,0,0
1960.6,1,FirstCoitalAct,13376,9396.41,F,0,0
1960.6,1,FirstCoitalAct,4870,6917.63,M,0,0
1960.6,1,FirstCoitalAct,6840,10053.4,M,0,0
1960.6,1,FirstCoitalAct,15959,9895.7,F,0,0
1960.6,1,FirstCoitalAct,6994,7097.81,M,0,0
1960.6,1,FirstCoitalAct,598,7091.96,F,0,0
1960.6,1,FirstCoitalAct,7619,22358.6,M,0,0
1960.6,1,FirstCoitalAct,13647,20202.6,F,0,0
1960.6,1,FirstCoitalAct,11078,11830.2,M,0,0
1960.6,1,FirstCoitalAct,3997,10601.6,F,0,0
1960.6,1,FirstCoitalAct,12517,9135.06,M,0,0
1960.6,1,FirstCoitalAct,4495,7782.24,F,0,0
1960.6,1,FirstCoitalAct,12671,8951.22,M,0,0
1960.6,1,FirstCoitalAct,1039,6601.21,F,0,0
1960.6,1,FirstCoitalAct,12741,7477.4,M,0,0
1960.6,1,FirstCoitalAct,14298,6039.33,F,0,0
1960.6,1,FirstCoitalAct,13078,11369.5,M,0,0
1960.6,1,FirstCoitalAct,13358,9740.74,F,0,0
1960.6,1,FirstCoitalAct,14416,7345.49,M,0,0
1960.6,1,FirstCoitalAct,3080,7704.12,F,0,0
1960.6,1,FirstCoitalAct,14673,9243.9,M,0,0
1960.6,1,FirstCoitalAct,5686,7413.53,F,0,0
1960.6,1,FirstCoitalAct,17354,19490.5,M,0,0
1960.6,1,FirstCoitalAct,14752,16892.7,F,0,0
1960.6,1,STIDebut,15514,6301.24,M,0,0
1960.6,1,FirstCoitalAct,2917,9017.4,M,0,0
1960.6,1,FirstCoitalAct,6888,9441.71,F,0,0
1960.6,1,FirstCoitalAct,3765,10961.8,M,0,0
1960.6,1,FirstCoitalAct,12443,9764.78,F,0,0
1960.6,1,FirstCoitalAct,6424,16854.3,M,0,0
1960.6,1,FirstCoitalAct,8576,11615.9,F,0,0
1960.6,1,FirstCoitalAct,14213,10052.9,M,0,0
1960.6,1,FirstCoitalAct,7315,8359.75,F,0,0
1960.6,1,FirstCoitalAct,14699,9712.03,M,0,0
1960.6,1,FirstCoitalAct,7846,7618.5,F,0,0
1960.6,1,FirstCoitalAct,14850,8567.92,M,0,0
1960.6,1,FirstCoitalAct,269,5790.18,F,0,0
1960.6,1,FirstCoitalAct,16165,6287.21,M,0,0
1960.6,1,FirstCoitalAct,15679,5346.49,F,0,0
1960.6,1,FirstCoitalAct,16552,6944.19,M,0,0
1960.6,1,FirstCoitalAct,4143,6501.93,F,0,0
1960.6,1,STIDebut,12406,6107.99,M,0,0
1960.6,1,FirstCoitalAct,440,7904.57,M,0,0
1960.6,1,FirstCoitalAct,10609,5946.26,F,0,0
1960.6,1,FirstCoitalAct,931,13991.6,M,0,0
1960.6,1,FirstCoitalAct,7839,10697.6,F,0,0
1960.6,1,FirstCoitalAct,1523,6984.06,M,0,0
1960.6,1,FirstCoitalAct,15421,6945.62,F,0,0
1960.6,1,FirstCoitalAct,2728,13483.5,M,0,0
1960.6,1,FirstCoitalAct,9919,8371.27,F,0,0
1960.6,1,FirstCoitalAct,6118,14085.7,M,0,0
1960.6,1,FirstCoitalAct,9043,14461.1,F,0,0
1960.6,1,FirstCoitalAct,7782,8155.6,M,0,0
1960.6,1,FirstCoitalAct,869,7024.61,F,0,0
1960.6,1,FirstCoitalAct,9158,11994.1,M,0,0
1960.6,1,FirstCoitalAct,1826,10343.5,F,0,0
1960.6,1,FirstCoitalAct,9231,16813.3,M,0,0
1960.6,1,FirstCoitalAct,8272,16448.3,F,0,0
1960.6,1,FirstCoitalAct,11541,10346.7,M,0,0
1960.6,1,FirstCoitalAct,10221,9210.2,F,0,0
1960.6,1,FirstCoitalAct,14028,5047.54,M,0,0
1960.6,1,FirstCoitalAct,3048,7299.58,F,0,0
1960.6,1,FirstCoitalAct,16086,11348.7,M,0,0
1960.6,1,FirstCoitalAct,538,8180.36,F,0,0
1960.6,1,STIDebut,12367,6525.93,M,0,0
1960.6,1,FirstCoitalAct,834,11432.7,M,0,0
1960.6,1,FirstCoitalAct,858,9646.39,F,0,0
1960.6,1,FirstCoitalAct,881,6322.3,M,0,0
1960.6,1,FirstCoitalAct,11992,5229.76,F,0,0
1960.6,1,FirstCoitalAct,3289,8565.55,M,0,0
1960.6,1,FirstCoitalAct,9699,10445.4,F,0,0
1960.6,1,FirstCoitalAct,4985,7388.05,M,0,0
1960.6,1,FirstCoitalAct,11616,6266.07,F,0,0
1960.6,1,FirstCoitalAct,6966,8291.82,M,0,0
1960.6,1,FirstCoitalAct,11980,10577.1,F,0,0
1960.6,1,FirstCoitalAct,7588,16374.5,M,0,0
1960.6,1,FirstCoitalAct,999,10934,F,0,0
1960.6,1,FirstCoitalAct,8482,16945.7,M,0,0
1960.6,1,FirstCoitalAct,2358,13542.2,F,0,0
1960.6,1,FirstCoitalAct,8627,6811.43,M,0,0
1960.6,1,FirstCoitalAct,3307,6993.83,F,0,0
1960.6,1,FirstCoitalAct,8750,8500.42,M,0,0
1960.6,1,FirstCoitalAct,1885,9479.21,F,0,0
1960.6,1,FirstCoitalAct,10567,6516.32,M,0,0
1960.6,1,FirstCoitalAct,12837,7191.58,F,0,0
1960.6,1,FirstCoitalAct,10695,7978.42,M,0,0
1960.6,1,FirstCoitalAct,13889,8129.31,F,0,0
1960.6,1,FirstCoitalAct,11465,16262.5,M,0,0
1960.6,1,FirstCoitalAct,13591,12781.3,F,0,0
1960.6,1,FirstCoitalAct,12264,9287.21,M,0,0
1960.6,1,FirstCoitalAct,10099,8664.75,F,0,0
1960.6,1,FirstCoitalAct,14184,9377.88,M,0,0
1960.6,1,FirstCoitalAct,15380,11114,F,0,0
1960.6,1,FirstCoitalAct,15649,7233.31,M,0,0
1960.6,1,FirstCoitalAct,7781,5442.98,F,0,0
1960.6,1,FirstCoitalAct,16541,12181.6,M,0,0
1960.6,1,FirstCoitalAct,16631,13735,F,0,0
1960.61,1,FirstCoitalAct,1465,9455.56,M,0,0
1960.61,1,FirstCoitalAct,1649,8290.35,F,0,0
1960.61,1,FirstCoitalAct,2445,9434.23,M,0,0
1960.61,1,FirstCoitalAct,7201,9423.36,F,0,0
1960.61,1,FirstCoitalAct,2976,13737.3,M,0,0
1960.61,1,FirstCoitalAct,10733,12501.2,F,0,0
1960.61,1,FirstCoitalAct,3571,8333.4,M,0,0
1960.61,1,FirstCoitalAct,1699,7279.69,F,0,0
1960.61,1,FirstCoitalAct,4638,8783.77,M,0,0
1960.61,1,FirstCoitalAct,10868,6190.04,F,0,0
1960.61,1,FirstCoitalAct,6019,6299.2,M,0,0
1960.61,1,FirstCoitalAct,9195,7619.28,F,0,0
1960.61,1,FirstCoitalAct,6910,7103.49,M,0,0
1960.61,1,FirstCoitalAct,14303,7012.75,F,0,0
1960.61,1,FirstCoitalAct,6992,6936.5,M,0,0
1960.61,1,FirstCoitalAct,12066,5489.9,F,0,0
1960.61,1,FirstCoitalAct,7002,20977.2,M,0,0
1960.61,1,FirstCoitalAct,8683,19849.5,F,0,0
1960.61,1,FirstCoitalAct,7577,18515.5,M,0,0
1960.61,1,FirstCoitalAct,13317,18985.9,F,0,0
1960.61,1,FirstCoitalAct,7785,12529.4,M,0,0
1960.61,1,FirstCoitalAct,1377,10695.3,F,0,0
1960.61,1,FirstCoitalAct,11096,15199.2,M,0,0
1960.61,1,FirstCoitalAct,13973,21273.1,F,0,0
1960.61,1,FirstCoitalAct,12074,12126.2,M,0,0
1960.61,1,FirstCoitalAct,8593,9290.7,F,0,0
1960.61,1,FirstCoitalAct,14820,14987.9,M,0,0
1960.61,1,FirstCoitalAct,3559,12134.3,F,0,0
1960.61,1,FirstCoitalAct,15641,18441.4,M,0,0
1960.61,1,FirstCoitalAct,4605,19010.9,F,0,0
1960.61,1,FirstCoitalAct,15929,8266.38,M,0,0
1960.61,1,FirstCoitalAct,9434,7637.67,F,0,0
1960.61,1,STIDebut,5571,5577.12,F,0,0
1960.61,1,STIDebut,14536,6143.26,F,0,0
1960.61,1,STIDebut,14866,4925.64,F,0,0
1960.61,1,FirstCoitalAct,784,17084.3,M,0,0
1960.61,1,FirstCoitalAct,1554,13359.6,F,0,0
1960.61,1,FirstCoitalAct,4388,12698.8,M,0,0
1960.61,1,FirstCoitalAct,4544,11246.4,F,0,0
1960.61,1,FirstCoitalAct,6216,16867.5,M,0,0
1960.61,1,FirstCoitalAct,6086,14163.7,F,0,0
1960.61,1,FirstCoitalAct,6748,7421.52,M,0,0
1960.61,1,FirstCoitalAct,1482,9313.05,F,0,0
1960.61,1,FirstCoitalAct,9496,7798.43,M,0,0
1960.61,1,FirstCoitalAct,4485,6615.91,F,0,0
1960.61,1,FirstCoitalAct,9681,13955.5,M,0,0
1960.61,1,FirstCoitalAct,4530,12953,F,0,0
1960.61,1,FirstCoitalAct,10156,9319.9,M,0,0
1960.61,1,FirstCoitalAct,8831,8868.35,F,0,0
1960.61,1,FirstCoitalAct,10831,11597.5,M,0,0
1960.61,1,FirstCoitalAct,12643,9604.76,F,0,0
1960.61,1,FirstCoitalAct,11035,6881.57,M,0,0
1960.61,1,FirstCoitalAct,6407,8244.6,F,0,0
1960.61,1,FirstCoitalAct,11710,12463.3,M,0,0
1960.61,1,FirstCoitalAct,12647,10989.2,F,0,0
1960.61,1,FirstCoitalAct,11744,9453.7,M,0,0
1960.61,1,FirstCoitalAct,9777,6967.9,F,0,0
1960.61,1,FirstCoitalAct,16439,10250.5,M,0,0
1960.61,1,FirstCoitalAct,10534,8061.12,F,0,0
1960.61,1,FirstCoitalAct,16703,10653.9,M,0,0
1960.61,1,FirstCoitalAct,8703,8435.7,F,0,0
1960.61,1,FirstCoitalAct,17006,8278.18,M,0,0
1960.61,1,FirstCoitalAct,8917,6910.34,F,0,0
1960.61,1,STIDebut,2582,6427.08,M,0,0
1960.61,1,FirstCoitalAct,3502,24757.3,M,0,0
1960.61,1,FirstCoitalAct,8689,19815.1,F,0,0
1960.61,1,FirstCoitalAct,3787,10587.6,M,0,0
1960.61,1,FirstCoitalAct,6893,8005.66,F,0,0
1960.61,1,FirstCoitalAct,4689,9761.81,M,0,0
1960.61,1,FirstCoitalAct,10160,8489.9,F,0,0
1960.61,1,FirstCoitalAct,5738,10433.6,M,0,0
1960.61,1,FirstCoitalAct,8008,8237.96,F,0,0
1960.61,1,FirstCoitalAct,6983,6219.58,M,0,0
1960.61,1,FirstCoitalAct,8966,5951.49,F,0,0
1960.61,1,FirstCoitalAct,8646,21459.2,M,0,0
1960.61,1,FirstCoitalAct,7765,22587,F,0,0
1960.61,1,FirstCoitalAct,11630,10569.3,M,0,0
1960.61,1,FirstCoitalAct,8234,8688.66,F,0,0
1960.61,1,FirstCoitalAct,12873,6702.9,M,0,0
1960.61,1,FirstCoitalAct,4134,6165.81,F,0,0
1960.61,1,FirstCoitalAct,15952,14992.1,M,0,0
1960.61,1,FirstCoitalAct,5338,12885.9,F,0,0
1960.62,1,FirstCoitalAct,1957,8891,M,0,0
1960.62,1,FirstCoitalAct,2390,7901.21,F,0,0
1960.62,1,FirstCoitalAct,4117,6224.23,M,0,0
1960.62,1,FirstCoitalAct,7770,5903.25,F,0,0
1960.62,1,FirstCoitalAct,5877,6249.51,M,0,0
1960.62,1,FirstCoitalAct,235,5905.72,F,0,0
1960.62,1,FirstCoitalAct,6211,9335.24,M,0,0
1960.62,1,FirstCoitalAct,15547,5920.33,F,0,0
1960.62,1,FirstCoitalAct,7291,8394.67,M,0,0
1960.62,1,FirstCoitalAct,15058,7962.9,F,0,0
1960.62,1,FirstCoitalAct,7589,10132.2,M,0,0
1960.62,1,FirstCoitalAct,14235,8670.92,F,0,0
1960.62,1,FirstCoitalAct,9738,16460.2,M,0,0
1960.62,1,FirstCoitalAct,15344,18016.4,F,0,0
1960.62,1,FirstCoitalAct,13774,9115.07,M,0,0
1960.62,1,FirstCoitalAct,7055,8550.83,F,0,0
1960.62,1,FirstCoitalAct,14648,15332.4,M,0,0
1960.62,1,FirstCoitalAct,15448,13402.8,F,0,0
1960.62,1,FirstCoitalAct,16718,8664.67,M,0,0
1960.62,1,FirstCoitalAct,17169,6173.88,F,0,0
1960.62,1,FirstCoitalAct,16900,11602.1,M,0,0
1960.62,1,FirstCoitalAct,13663,6997.22,F,0,0
1960.62,1,STIDebut,8029,5847.82,M,0,0
1960.62,1,FirstCoitalAct,121,14783.6,M,0,0
1960.62,1,FirstCoitalAct,7493,10354.1,F,0,0
1960.62,1,FirstCoitalAct,707,11571.9,M,0,0
1960.62,1,FirstCoitalAct,10359,9319.27,F,0,0
1960.62,1,FirstCoitalAct,751,11564.8,M,0,0
1960.62,1,FirstCoitalAct,13685,9444.69,F,0,0
1960.62,1,FirstCoitalAct,1908,21284.1,M,0,0
1960.62,1,FirstCoitalAct,5651,17995.5,F,0,0
1960.62,1,FirstCoitalAct,1971,11031.2,M,0,0
1960.62,1,FirstCoitalAct,7067,10381.6,F,0,0
1960.62,1,FirstCoitalAct,2313,10038.3,M,0,0
1960.62,1,FirstCoitalAct,9533,9295.3,F,0,0
1960.62,1,FirstCoitalAct,2352,5860.47,M,0,0
1960.62,1,FirstCoitalAct,14543,7299.88,F,0,0
1960.62,1,FirstCoitalAct,4069,7531.15,M,0,0
1960.62,1,FirstCoitalAct,6403,7186.12,F,0,0
1960.62,1,FirstCoitalAct,6258,10224.5,M,0,0
1960.62,1,FirstCoitalAct,3144,9228.31,F,0,0
1960.62,1,FirstCoitalAct,6750,22345.4,M,0,0
1960.62,1,FirstCoitalAct,13270,19700.2,F,0,0
1960.62,1,FirstCoitalAct,7600,7074.28,M,0,0
1960.62,1,FirstCoitalAct,1524,5998.94,F,0,0
1960.62,1,FirstCoitalAct,8444,10958.5,M,0,0
1960.62,1,FirstCoitalAct,16485,8286.7,F,0,0
1960.62,1,FirstCoitalAct,10636,11763.8,M,0,0
1960.62,1,FirstCoitalAct,1004,7737.62,F,0,0
1960.62,1,FirstCoitalAct,10738,10707.5,M,0,0
1960.62,1,FirstCoitalAct,9218,9324.87,F,0,0
1960.62,1,FirstCoitalAct,12175,9087.64,M,0,0
1960.62,1,FirstCoitalAct,1565,9367.55,F,0,0
1960.62,1,FirstCoitalAct,12217,9301.96,M,0,0
1960.62,1,FirstCoitalAct,9123,11297.6,F,0,0
1960.62,1,FirstCoitalAct,14925,11221.6,M,0,0
1960.62,1,FirstCoitalAct,686,6137.99,F,0,0
1960.62,1,FirstCoitalAct,15185,6347.78,M,0,0
1960.62,1,FirstCoitalAct,1404,6223.04,F,0,0
1960.62,1,FirstCoitalAct,16261,14044,M,0,0
1960.62,1,FirstCoitalAct,14559,11200.4,F,0,0
1960.62,1,STIDebut,4380,5815.86,M,0,0
1960.62,1,STIDebut,15176,6638.47,M,0,0
1960.62,1,STIDebut,16532,6022.54,M,0,0
1960.62,1,FirstCoitalAct,1200,17853.8,M,0,0
1960.62,1,FirstCoitalAct,14344,15177.2,F,0,0
1960.62,1,FirstCoitalAct,1418,6113.08,M,0,0
1960.62,1,FirstCoitalAct,6859,6078.02,F,0,0
1960.62,1,FirstCoitalAct,2536,5267.42,M,0,0
1960.62,1,FirstCoitalAct,13083,6357.17,F,0,0
1960.62,1,FirstCoitalAct,4232,16824.3,M,0,0
1960.62,1,FirstCoitalAct,14182,12427.4,F,0,0
1960.62,1,FirstCoitalAct,9170,7424.38,M,0,0
1960.62,1,FirstCoitalAct,1054,5594.5,F,0,0
1960.62,1,FirstCoitalAct,15801,18224.8,M,0,0
1960.62,1,FirstCoitalAct,15969,17435.3,F,0,0
1960.62,1,FirstCoitalAct,16305,15288,M,0,0
1960.62,1,FirstCoitalAct,16904,11162.4,F,0,0
1960.62,1,FirstCoitalAct,16670,7331.25,M,0,0
1960.62,1,FirstCoitalAct,8001,8530.02,F,0,0
1960.62,1,FirstCoitalAct,16774,6040.97,M,0,0
1960.62,1,FirstCoitalAct,757,5723.39,F,0,0
1960.62,1,STIDebut,345,6017.69,F,0,0
1960.62,1,STIDebut,3107,5501.14,F,0,0
1960.62,1,FirstCoitalAct,4537,9179.31,M,0,0
1960.62,1,FirstCoitalAct,16509,9050.42,F,0,0
1960.62,1,FirstCoitalAct,4606,21560.8,M,0,0
1960.62,1,FirstCoitalAct,14437,20031.7,F,0,0
1960.62,1,FirstCoitalAct,5436,7325.84,M,0,0
1960.62,1,FirstCoitalAct,3933,7374.05,F,0,0
1960.62,1,FirstCoitalAct,5487,7227.4,M,0,0
1960.62,1,FirstCoitalAct,6341,6662.96,F,0,0
1960.62,1,FirstCoitalAct,5937,8001.51,M,0,0
1960.62,1,FirstCoitalAct,16776,7792.36,F,0,0
1960.62,1,FirstCoitalAct,6130,14143.2,M,0,0
1960.62,1,FirstCoitalAct,9901,15766.7,F,0,0
1960.62,1,FirstCoitalAct,6595,11485.9,M,0,0
1960.62,1,FirstCoitalAct,13791,10298.9,F,0,0
1960.62,1,FirstCoitalAct,8435,10010.2,M,0,0
1960.62,1,FirstCoitalAct,16447,6257.44,F,0,0
1960.62,1,FirstCoitalAct,9400,14035.8,M,0,0
1960.62,1,FirstCoitalAct,5315,9092.99,F,0,0
1960.62,1,FirstCoitalAct,9871,19297.2,M,0,0
1960.62,1,FirstCoitalAct,7197,16076.2,F,0,0
1960.62,1,FirstCoitalAct,11333,10936.6,M,0,0
1960.62,1,FirstCoitalAct,15140,8570.41,F,0,0
1960.62,1,FirstCoitalAct,12182,10879.1,M,0,0
1960.62,1,FirstCoitalAct,5777,8706.13,F,0,0
1960.62,1,FirstCoitalAct,12589,9727.1,M,0,0
1960.62,1,FirstCoitalAct,9803,9867.23,F,0,0
1960.62,1,FirstCoitalAct,15817,7653.63,M,0,0
1960.62,1,FirstCoitalAct,16145,9137.91,F,0,0
1960.62,1,FirstCoitalAct,16635,10200.1,M,0,0
1960.62,1,FirstCoitalAct,12749,8342.73,F,0,0
1960.62,1,FirstCoitalAct,16848,11263.4,M,0,0
1960.62,1,FirstCoitalAct,6594,10172.8,F,0,0
1960.62,1,STIDebut,7187,5957.6,M,0,0
1960.63,1,FirstCoitalAct,217,16111.9,M,0,0
1960.63,1,FirstCoitalAct,4071,16637,F,0,0
1960.63,1,FirstCoitalAct,266,9392.09,M,0,0
1960.63,1,FirstCoitalAct,2399,9326.72,F,0,0
1960.63,1,FirstCoitalAct,974,11162.9,M,0,0
1960.63,1,FirstCoitalAct,823,8116.43,F,0,0
1960.63,1,FirstCoitalAct,1382,15149.5,M,0,0
1960.63,1,FirstCoitalAct,4456,13660.9,F,0,0
1960.63,1,FirstCoitalAct,2267,8407.36,M,0,0
1960.63,1,FirstCoitalAct,3646,10860.3,F,0,0
1960.63,1,FirstCoitalAct,2403,7793.91,M,0,0
1960.63,1,FirstCoitalAct,15442,8844.11,F,0,0
1960.63,1,FirstCoitalAct,2887,11379.7,M,0,0
1960.63,1,FirstCoitalAct,15144,8386.26,F,0,0
1960.63,1,FirstCoitalAct,3516,5968.68,M,0,0
1960.63,1,FirstCoitalAct,7736,5891.72,F,0,0
1960.63,1,FirstCoitalAct,3788,14920.6,M,0,0
1960.63,1,FirstCoitalAct,1535,12371.5,F,0,0
1960.63,1,FirstCoitalAct,4239,14176.9,M,0,0
1960.63,1,FirstCoitalAct,14575,8740.2,F,0,0
1960.63,1,FirstCoitalAct,5874,13411,M,0,0
1960.63,1,FirstCoitalAct,5009,10736.7,F,0,0
1960.63,1,FirstCoitalAct,5989,8893.09,M,0,0
1960.63,1,FirstCoitalAct,13931,5777.36,F,0,0
1960.63,1,FirstCoitalAct,6378,10923.4,M,0,0
1960.63,1,FirstCoitalAct,5188,10285.9,F,0,0
1960.63,1,FirstCoitalAct,6759,11837.5,M,0,0
1960.63,1,FirstCoitalAct,14315,6965.04,F,0,0
1960.63,1,FirstCoitalAct,8079,10101.6,M,0,0
1960.63,1,FirstCoitalAct,7963,9768.7,F,0,0
1960.63,1,FirstCoitalAct,8686,6419.68,M,0,0
1960.63,1,FirstCoitalAct,7379,5392.8,F,0,0
1960.63,1,FirstCoitalAct,11355,13546.9,M,0,0
1960.63,1,FirstCoitalAct,1807,13532.3,F,0,0
1960.63,1,FirstCoitalAct,12324,10693.7,M,0,0
1960.63,1,FirstCoitalAct,2842,11778.2,F,0,0
1960.63,1,FirstCoitalAct,15056,18833,M,0,0
1960.63,1,FirstCoitalAct,14356,15202.2,F,0,0
1960.63,1,FirstCoitalAct,16490,9272.22,M,0,0
1960.63,1,FirstCoitalAct,15376,8033.31,F,0,0
1960.63,1,FirstCoitalAct,17113,8362.75,M,0,0
1960.63,1,FirstCoitalAct,10649,6002.5,F,0,0
1960.63,1,STIDebut,1622,5385.83,F,0,0
1960.63,1,STIDebut,2293,5776.57,M,0,0
1960.63,1,STIDebut,2813,6561.98,M,0,0
1960.63,1,STIDebut,14064,5883.59,F,0,0
1960.63,1,FirstCoitalAct,3885,6211.12,M,0,0
1960.63,1,FirstCoitalAct,1954,8666.68,F,0,0
1960.63,1,FirstCoitalAct,4465,13175.7,M,0,0
1960.63,1,FirstCoitalAct,7962,9313.84,F,0,0
1960.63,1,FirstCoitalAct,5075,9025.8,M,0,0
1960.63,1,FirstCoitalAct,571,5594.62,F,0,0
1960.63,1,FirstCoitalAct,10014,5960.61,M,0,0
1960.63,1,FirstCoitalAct,12870,6256.89,F,0,0
1960.63,1,FirstCoitalAct,10560,16168.5,M,0,0
1960.63,1,FirstCoitalAct,4766,12137,F,0,0
1960.63,1,FirstCoitalAct,11017,10268.4,M,0,0
1960.63,1,FirstCoitalAct,12393,8719.59,F,0,0
1960.63,1,FirstCoitalAct,11967,6137.54,M,0,0
1960.63,1,FirstCoitalAct,1656,6183.44,F,0,0
1960.63,1,FirstCoitalAct,12899,13966.9,M,0,0
1960.63,1,FirstCoitalAct,12247,15442.7,F,0,0
1960.63,1,FirstCoitalAct,16752,12385.5,M,0,0
1960.63,1,FirstCoitalAct,5260,11635.9,F,0,0
1960.63,1,FirstCoitalAct,17074,8595.04,M,0,0
1960.63,1,FirstCoitalAct,2041,7975.75,F,0,0
1960.63,1,STIDebut,9548,5378.49,F,0,0
1960.63,1,STIDebut,10862,5300.08,F,0,0
1960.63,1,FirstCoitalAct,1617,5833.15,M,0,0
1960.63,1,FirstCoitalAct,3857,6501.21,F,0,0
1960.63,1,FirstCoitalAct,4453,6000.09,M,0,0
1960.63,1,FirstCoitalAct,3190,5288.85,F,0,0
1960.63,1,FirstCoitalAct,4626,14765.4,M,0,0
1960.63,1,FirstCoitalAct,1686,9079.15,F,0,0
1960.63,1,FirstCoitalAct,6346,11549.5,M,0,0
1960.63,1,FirstCoitalAct,13622,8310.53,F,0,0
1960.63,1,FirstCoitalAct,6416,8660.55,M,0,0
1960.63,1,FirstCoitalAct,10151,8105.7,F,0,0
1960.63,1,FirstCoitalAct,7759,15404.2,M,0,0
1960.63,1,FirstCoitalAct,6170,13818.9,F,0,0
1960.63,1,FirstCoitalAct,9906,16028.8,M,0,0
1960.63,1,FirstCoitalAct,4658,13662.3,F,0,0
1960.63,1,FirstCoitalAct,10826,17823.9,M,0,0
1960.63,1,FirstCoitalAct,1633,17269.9,F,0,0
1960.63,1,FirstCoitalAct,11556,13491.8,M,0,0
1960.63,1,FirstCoitalAct,13511,6616.39,F,0,0
1960.63,1,FirstCoitalAct,16659,8018.66,M,0,0
1960.63,1,FirstCoitalAct,9555,6667.4,F,0,0
1960.63,1,FirstCoitalAct,2546,9006.89,M,0,0
1960.63,1,FirstCoitalAct,1217,7690.97,F,0,0
1960.63,1,FirstCoitalAct,3611,7036.52,M,0,0
1960.63,1,FirstCoitalAct,10504,7312.99,F,0,0
1960.63,1,FirstCoitalAct,4797,7402.26,M,0,0
1960.63,1,FirstCoitalAct,2838,8044.5,F,0,0
1960.63,1,FirstCoitalAct,6585,19146.1,M,0,0
1960.63,1,FirstCoitalAct,13637,18252.3,F,0,0
1960.63,1,FirstCoitalAct,6741,10029.4,M,0,0
1960.63,1,FirstCoitalAct,13147,7020.49,F,0,0
1960.63,1,FirstCoitalAct,6979,19061.3,M,0,0
1960.63,1,FirstCoitalAct,16682,17379.9,F,0,0
1960.63,1,FirstCoitalAct,7258,10210.5,M,0,0
1960.63,1,FirstCoitalAct,10676,10830.3,F,0,0
1960.63,1,FirstCoitalAct,9179,11908.4,M,0,0
1960.63,1,FirstCoitalAct,4864,13593.5,F,0,0
1960.63,1,FirstCoitalAct,10119,8532.02,M,0,0
1960.63,1,FirstCoitalAct,5512,7278.93,F,0,0
1960.63,1,FirstCoitalAct,12942,9039.22,M,0,0
1960.63,1,FirstCoitalAct,1939,6338.77,F,0,0
1960.63,1,FirstCoitalAct,12993,15257.3,M,0,0
1960.63,1,FirstCoitalAct,3173,13507.5,F,0,0
1960.63,1,FirstCoitalAct,14050,6367.94,M,0,0
1960.63,1,FirstCoitalAct,9569,6453.11,F,0,0
1960.63,1,FirstCoitalAct,14947,9014.85,M,0,0
1960.63,1,FirstCoitalAct,9542,8066.04,F,0,0
1960.63,1,FirstCoitalAct,15148,13164.6,M,0,0
1960.63,1,FirstCoitalAct,13606,9596.17,F,0,0
1960.63,1,FirstCoitalAct,15468,11312.4,M,0,0
1960.63,1,FirstCoitalAct,8349,8571.96,F,0,0
1960.63,1,FirstCoitalAct,15514,6314.24,M,0,0
1960.63,1,FirstCoitalAct,2424,6044.04,F,0,0
